Table: Statistical summary for all the figures,,,,,,
,,,,,,
Figure 6b: Binding of ɑ-IgLON5 AABs to primary neurons transduced with serial dilutions of AAV expressing mIgLON5 shRNA or scramble control. ,One-way ANOVA Tukey's multiple comparisons test,n1,n2,Summary,P Value,
,  (0.0 µl) vs. mIgLON5 shRNA (0.001 µl),10,9,ns,0.9451,
,  (0.0 µl) vs. mIgLON5 shRNA (0.01 µl),10,10,ns,0.4823,
,  (0.0 µl) vs. mIgLON5 shRNA (0.1 µl),10,10,****,<0.0001,
,  (0.0 µl) vs. mIgLON5 shRNA (0.5 µl),10,5,****,<0.0001,
,  (0.0 µl) vs. Scramble shRNA (0.001 µl),10,9,ns,0.9868,
,  (0.0 µl) vs. Scramble shRNA (0.01 µl),10,8,ns,>0.9999,
,  (0.0 µl) vs. Scramble shRNA (0.1 µl),10,10,ns,>0.9999,
,  (0.0 µl) vs. Scramble shRNA (0.5 µl),10,5,ns,>0.9999,
,  mIgLON5 shRNA (0.001 µl) vs. mIgLON5 shRNA (0.01 µl),9,10,ns,0.9963,
,  mIgLON5 shRNA (0.001 µl) vs. mIgLON5 shRNA (0.1 µl),9,10,**,0.0039,
,  mIgLON5 shRNA (0.001 µl) vs. mIgLON5 shRNA (0.5 µl),9,5,**,0.0018,
,  mIgLON5 shRNA (0.001 µl) vs. Scramble shRNA (0.001 µl),9,9,ns,0.4447,
,  mIgLON5 shRNA (0.001 µl) vs. Scramble shRNA (0.01 µl),9,8,ns,0.9375,
,  mIgLON5 shRNA (0.001 µl) vs. Scramble shRNA (0.1 µl),9,10,ns,0.7743,
,  mIgLON5 shRNA (0.001 µl) vs. Scramble shRNA (0.5 µl),9,5,ns,0.9993,
,  mIgLON5 shRNA (0.01 µl) vs. mIgLON5 shRNA (0.1 µl),10,10,*,0.0345,
,  mIgLON5 shRNA (0.01 µl) vs. mIgLON5 shRNA (0.5 µl),10,5,*,0.0122,
,  mIgLON5 shRNA (0.01 µl) vs. Scramble shRNA (0.001 µl),10,9,ns,0.0803,
,  mIgLON5 shRNA (0.01 µl) vs. Scramble shRNA (0.01 µl),10,8,ns,0.4963,
,  mIgLON5 shRNA (0.01 µl) vs. Scramble shRNA (0.1 µl),10,10,ns,0.2402,
,  mIgLON5 shRNA (0.01 µl) vs. Scramble shRNA (0.5 µl),10,5,ns,0.9182,
,  mIgLON5 shRNA (0.1 µl) vs. mIgLON5 shRNA (0.5 µl),10,5,ns,0.9871,
,  mIgLON5 shRNA (0.1 µl) vs. Scramble shRNA (0.001 µl),10,9,****,<0.0001,
,  mIgLON5 shRNA (0.1 µl) vs. Scramble shRNA (0.01 µl),10,8,****,<0.0001,
,  mIgLON5 shRNA (0.1 µl) vs. Scramble shRNA (0.1 µl),10,10,****,<0.0001,
,  mIgLON5 shRNA (0.1 µl) vs. Scramble shRNA (0.5 µl),10,5,**,0.0039,
,  mIgLON5 shRNA (0.5 µl) vs. Scramble shRNA (0.001 µl),5,9,****,<0.0001,
,  mIgLON5 shRNA (0.5 µl) vs. Scramble shRNA (0.01 µl),5,8,****,<0.0001,
,  mIgLON5 shRNA (0.5 µl) vs. Scramble shRNA (0.1 µl),5,10,****,<0.0001,
,  mIgLON5 shRNA (0.5 µl) vs. Scramble shRNA (0.5 µl),5,5,**,0.0014,
,  Scramble shRNA (0.001 µl) vs. Scramble shRNA (0.01 µl),9,8,ns,0.9956,
,  Scramble shRNA (0.001 µl) vs. Scramble shRNA (0.1 µl),9,10,ns,0.9997,
,  Scramble shRNA (0.001 µl) vs. Scramble shRNA (0.5 µl),9,5,ns,0.9579,
,  Scramble shRNA (0.01 µl) vs. Scramble shRNA (0.1 µl),8,10,ns,>0.9999,
,  Scramble shRNA (0.01 µl) vs. Scramble shRNA (0.5 µl),8,5,ns,>0.9999,
,  Scramble shRNA (0.1 µl) vs. Scramble shRNA (0.5 µl),10,5,ns,0.9982,
,,,,,,
Figure 6c: Cytotoxicity assessed by LDH assay in primary neurons transduced with increasing AAV volumes.,One-way ANOVA Tukey's multiple comparisons test,n1,n2,Summary,P Value,
,  (0.0 µl) vs. mIgLON5 shRNA (0.001 µl),6,6,ns,>0.9999,
,  (0.0 µl) vs. mIgLON5 shRNA (0.01 µl),6,6,ns,0.7479,
,  (0.0 µl) vs. mIgLON5 shRNA (0.1 µl),6,6,**,0.0086,
,  (0.0 µl) vs. mIgLON5 shRNA (0.5 µl),6,3,****,<0.0001,
,  (0.0 µl) vs. Scramble shRNA (0.001 µl),6,5,ns,>0.9999,
,  (0.0 µl) vs. Scramble shRNA (0.01 µl),6,6,ns,>0.9999,
,  (0.0 µl) vs. Scramble shRNA (0.1 µl),6,6,ns,0.9835,
,  (0.0 µl) vs. Scramble shRNA (0.5 µl),6,3,ns,0.9991,
,  mIgLON5 shRNA (0.001 µl) vs. mIgLON5 shRNA (0.01 µl),6,6,ns,0.8431,
,  mIgLON5 shRNA (0.001 µl) vs. mIgLON5 shRNA (0.1 µl),6,6,*,0.0141,
,  mIgLON5 shRNA (0.001 µl) vs. mIgLON5 shRNA (0.5 µl),6,3,****,<0.0001,
,  mIgLON5 shRNA (0.001 µl) vs. Scramble shRNA (0.001 µl),6,5,ns,>0.9999,
,  mIgLON5 shRNA (0.001 µl) vs. Scramble shRNA (0.01 µl),6,6,ns,>0.9999,
,  mIgLON5 shRNA (0.001 µl) vs. Scramble shRNA (0.1 µl),6,6,ns,0.9559,
,  mIgLON5 shRNA (0.001 µl) vs. Scramble shRNA (0.5 µl),6,3,ns,0.9999,
,  mIgLON5 shRNA (0.01 µl) vs. mIgLON5 shRNA (0.1 µl),6,6,ns,0.3852,
,  mIgLON5 shRNA (0.01 µl) vs. mIgLON5 shRNA (0.5 µl),6,3,***,0.0003,
,  mIgLON5 shRNA (0.01 µl) vs. Scramble shRNA (0.001 µl),6,5,ns,0.9491,
,  mIgLON5 shRNA (0.01 µl) vs. Scramble shRNA (0.01 µl),6,6,ns,0.8871,
,  mIgLON5 shRNA (0.01 µl) vs. Scramble shRNA (0.1 µl),6,6,ns,0.1848,
,  mIgLON5 shRNA (0.01 µl) vs. Scramble shRNA (0.5 µl),6,3,ns,0.998,
,  mIgLON5 shRNA (0.1 µl) vs. mIgLON5 shRNA (0.5 µl),6,3,*,0.0475,
,  mIgLON5 shRNA (0.1 µl) vs. Scramble shRNA (0.001 µl),6,5,*,0.0404,
,  mIgLON5 shRNA (0.1 µl) vs. Scramble shRNA (0.01 µl),6,6,*,0.0185,
,  mIgLON5 shRNA (0.1 µl) vs. Scramble shRNA (0.1 µl),6,6,***,0.0005,
,  mIgLON5 shRNA (0.1 µl) vs. Scramble shRNA (0.5 µl),6,3,ns,0.2279,
,  mIgLON5 shRNA (0.5 µl) vs. Scramble shRNA (0.001 µl),3,5,****,<0.0001,
,  mIgLON5 shRNA (0.5 µl) vs. Scramble shRNA (0.01 µl),3,6,****,<0.0001,
,  mIgLON5 shRNA (0.5 µl) vs. Scramble shRNA (0.1 µl),3,6,****,<0.0001,
,  mIgLON5 shRNA (0.5 µl) vs. Scramble shRNA (0.5 µl),3,3,***,0.0003,
,  Scramble shRNA (0.001 µl) vs. Scramble shRNA (0.01 µl),5,6,ns,>0.9999,
,  Scramble shRNA (0.001 µl) vs. Scramble shRNA (0.1 µl),5,6,ns,0.907,
,  Scramble shRNA (0.001 µl) vs. Scramble shRNA (0.5 µl),5,3,ns,>0.9999,
,  Scramble shRNA (0.01 µl) vs. Scramble shRNA (0.1 µl),6,6,ns,0.9304,
,  Scramble shRNA (0.01 µl) vs. Scramble shRNA (0.5 µl),6,3,ns,>0.9999,
,  Scramble shRNA (0.1 µl) vs. Scramble shRNA (0.5 µl),6,3,ns,0.8625,
,,,,,,
"Figure 8b: p-Tau (AT8+PHF-1) intensity in neurons treated with ɑ-IgLON5 AABs at increasing concentrations (0.1, 1, 10, and 50 µg/ml).",One-way ANOVA Tukey's multiple comparisons test,n1,n2,Summary,P Value,
,  NT vs. mCtrl0.1ug/ml,57,25,ns,0.971,
,  NT vs. pCtrl0.1ug/ml,57,22,ns,>0.9999,
,  NT vs. IgLON50.1ug/ml,57,23,ns,0.9247,
,  NT vs. mGO1ug/ml,57,71,ns,>0.9999,
,  NT vs. pCtrl1ug/ml,57,83,ns,0.6303,
,  NT vs. IgLON51ug/ml,57,95,ns,>0.9999,
,  NT vs. mCtrl10ug/ml,57,34,*,0.017,
,  NT vs. pCtrl10ug/ml,57,27,****,<0.0001,
,  NT vs. IgLON510ug/ml,57,43,**,0.0056,
,  NT vs. mCtrl50ug/ml,57,28,ns,0.9914,
,  NT vs. pCtrl50ug/ml,57,13,****,<0.0001,
,  NT vs. IgLON550ug/ml,57,18,**,0.0016,
,  mCtrl0.1ug/ml vs. pCtrl0.1ug/ml,25,22,ns,0.9992,
,  mCtrl0.1ug/ml vs. IgLON50.1ug/ml,25,23,ns,0.3377,
,  mCtrl0.1ug/ml vs. mGO1ug/ml,25,71,ns,0.7985,
,  mCtrl0.1ug/ml vs. pCtrl1ug/ml,25,83,ns,0.0938,
,  mCtrl0.1ug/ml vs. IgLON51ug/ml,25,95,ns,0.6756,
,  mCtrl0.1ug/ml vs. mCtrl10ug/ml,25,34,**,0.0014,
,  mCtrl0.1ug/ml vs. pCtrl10ug/ml,25,27,****,<0.0001,
,  mCtrl0.1ug/ml vs. IgLON510ug/ml,25,43,***,0.0005,
,  mCtrl0.1ug/ml vs. mCtrl50ug/ml,25,28,ns,0.5419,
,  mCtrl0.1ug/ml vs. pCtrl50ug/ml,25,13,****,<0.0001,
,  mCtrl0.1ug/ml vs. IgLON550ug/ml,25,18,***,0.0001,
,  pCtrl0.1ug/ml vs. IgLON50.1ug/ml,22,23,ns,0.9459,
,  pCtrl0.1ug/ml vs. mGO1ug/ml,22,71,ns,>0.9999,
,  pCtrl0.1ug/ml vs. pCtrl1ug/ml,22,83,ns,0.8525,
,  pCtrl0.1ug/ml vs. IgLON51ug/ml,22,95,ns,0.9999,
,  pCtrl0.1ug/ml vs. mCtrl10ug/ml,22,34,ns,0.0918,
,  pCtrl0.1ug/ml vs. pCtrl10ug/ml,22,27,****,<0.0001,
,  pCtrl0.1ug/ml vs. IgLON510ug/ml,22,43,ns,0.057,
,  pCtrl0.1ug/ml vs. mCtrl50ug/ml,22,28,ns,0.9926,
,  pCtrl0.1ug/ml vs. pCtrl50ug/ml,22,13,****,<0.0001,
,  pCtrl0.1ug/ml vs. IgLON550ug/ml,22,18,**,0.0095,
,  IgLON50.1ug/ml vs. mGO1ug/ml,23,71,ns,0.9901,
,  IgLON50.1ug/ml vs. pCtrl1ug/ml,23,83,ns,>0.9999,
,  IgLON50.1ug/ml vs. IgLON51ug/ml,23,95,ns,0.9945,
,  IgLON50.1ug/ml vs. mCtrl10ug/ml,23,34,ns,0.9643,
,  IgLON50.1ug/ml vs. pCtrl10ug/ml,23,27,***,0.0003,
,  IgLON50.1ug/ml vs. IgLON510ug/ml,23,43,ns,0.9429,
,  IgLON50.1ug/ml vs. mCtrl50ug/ml,23,28,ns,>0.9999,
,  IgLON50.1ug/ml vs. pCtrl50ug/ml,23,13,****,<0.0001,
,  IgLON50.1ug/ml vs. IgLON550ug/ml,23,18,ns,0.447,
,  mGO1ug/ml vs. pCtrl1ug/ml,71,83,ns,0.907,
,  mGO1ug/ml vs. IgLON51ug/ml,71,95,ns,>0.9999,
,  mGO1ug/ml vs. mCtrl10ug/ml,71,34,ns,0.0509,
,  mGO1ug/ml vs. pCtrl10ug/ml,71,27,****,<0.0001,
,  mGO1ug/ml vs. IgLON510ug/ml,71,43,*,0.0191,
,  mGO1ug/ml vs. mCtrl50ug/ml,71,28,ns,0.9998,
,  mGO1ug/ml vs. pCtrl50ug/ml,71,13,****,<0.0001,
,  mGO1ug/ml vs. IgLON550ug/ml,71,18,**,0.0049,
,  pCtrl1ug/ml vs. IgLON51ug/ml,83,95,ns,0.9273,
,  pCtrl1ug/ml vs. mCtrl10ug/ml,83,34,ns,0.6785,
,  pCtrl1ug/ml vs. pCtrl10ug/ml,83,27,****,<0.0001,
,  pCtrl1ug/ml vs. IgLON510ug/ml,83,43,ns,0.5228,
,  pCtrl1ug/ml vs. mCtrl50ug/ml,83,28,ns,>0.9999,
,  pCtrl1ug/ml vs. pCtrl50ug/ml,83,13,****,<0.0001,
,  pCtrl1ug/ml vs. IgLON550ug/ml,83,18,ns,0.1209,
,  IgLON51ug/ml vs. mCtrl10ug/ml,95,34,ns,0.0502,
,  IgLON51ug/ml vs. pCtrl10ug/ml,95,27,****,<0.0001,
,  IgLON51ug/ml vs. IgLON510ug/ml,95,43,*,0.017,
,  IgLON51ug/ml vs. mCtrl50ug/ml,95,28,ns,>0.9999,
,  IgLON51ug/ml vs. pCtrl50ug/ml,95,13,****,<0.0001,
,  IgLON51ug/ml vs. IgLON550ug/ml,95,18,**,0.005,
,  mCtrl10ug/ml vs. pCtrl10ug/ml,34,27,*,0.0237,
,  mCtrl10ug/ml vs. IgLON510ug/ml,34,43,ns,>0.9999,
,  mCtrl10ug/ml vs. mCtrl50ug/ml,34,28,ns,0.7353,
,  mCtrl10ug/ml vs. pCtrl50ug/ml,34,13,***,0.0008,
,  mCtrl10ug/ml vs. IgLON550ug/ml,34,18,ns,0.9907,
,  pCtrl10ug/ml vs. IgLON510ug/ml,27,43,*,0.0143,
,  pCtrl10ug/ml vs. mCtrl50ug/ml,27,28,****,<0.0001,
,  pCtrl10ug/ml vs. pCtrl50ug/ml,27,13,ns,0.9424,
,  pCtrl10ug/ml vs. IgLON550ug/ml,27,18,ns,0.8336,
,  IgLON510ug/ml vs. mCtrl50ug/ml,43,28,ns,0.6437,
,  IgLON510ug/ml vs. pCtrl50ug/ml,43,13,***,0.0005,
,  IgLON510ug/ml vs. IgLON550ug/ml,43,18,ns,0.9893,
,  mCtrl50ug/ml vs. pCtrl50ug/ml,28,13,****,<0.0001,
,  mCtrl50ug/ml vs. IgLON550ug/ml,28,18,ns,0.17,
,  pCtrl50ug/ml vs. IgLON550ug/ml,13,18,ns,0.1355,
,,,,,,
"Figure 9a: Quantification of somatodendritic Tau intensity in neurons treated with ɑ-IgLON5 at increasing concentrations (0.1, 1, 10, and 50 µg/ml). ",One-way ANOVA Tukey's multiple comparisons test,n1,n2,Summary,P Value,
,  NT vs. mCtrl0.1ug/ml,57,25,ns,0.9949,
,  NT vs. pCtrl0.1ug/ml,57,22,ns,>0.9999,
,  NT vs. IgLON50.1ug/ml,57,23,****,<0.0001,
,  NT vs. mGO1ug/ml,57,71,ns,0.1128,
,  NT vs. pCtrl1ug/ml,57,83,***,0.0002,
,  NT vs. IgLON51ug/ml,57,95,****,<0.0001,
,  NT vs. mCtrl10ug/ml,57,34,ns,0.9488,
,  NT vs. pCtrl10ug/ml,57,27,ns,0.0513,
,  NT vs. IgLON510ug/ml,57,43,****,<0.0001,
,  NT vs. mCtrl50ug/ml,57,28,****,<0.0001,
,  NT vs. pCtrl50ug/ml,57,13,*,0.0188,
,  NT vs. IgLON550ug/ml,57,18,ns,0.8409,
,  mCtrl0.1ug/ml vs. pCtrl0.1ug/ml,25,22,ns,>0.9999,
,  mCtrl0.1ug/ml vs. IgLON50.1ug/ml,25,23,***,0.0007,
,  mCtrl0.1ug/ml vs. mGO1ug/ml,25,71,ns,0.9958,
,  mCtrl0.1ug/ml vs. pCtrl1ug/ml,25,83,ns,0.4772,
,  mCtrl0.1ug/ml vs. IgLON51ug/ml,25,95,**,0.0033,
,  mCtrl0.1ug/ml vs. mCtrl10ug/ml,25,34,ns,>0.9999,
,  mCtrl0.1ug/ml vs. pCtrl10ug/ml,25,27,ns,0.8523,
,  mCtrl0.1ug/ml vs. IgLON510ug/ml,25,43,****,<0.0001,
,  mCtrl0.1ug/ml vs. mCtrl50ug/ml,25,28,****,<0.0001,
,  mCtrl0.1ug/ml vs. pCtrl50ug/ml,25,13,ns,0.4112,
,  mCtrl0.1ug/ml vs. IgLON550ug/ml,25,18,ns,>0.9999,
,  pCtrl0.1ug/ml vs. IgLON50.1ug/ml,22,23,***,0.0004,
,  pCtrl0.1ug/ml vs. mGO1ug/ml,22,71,ns,0.9684,
,  pCtrl0.1ug/ml vs. pCtrl1ug/ml,22,83,ns,0.3109,
,  pCtrl0.1ug/ml vs. IgLON51ug/ml,22,95,**,0.0017,
,  pCtrl0.1ug/ml vs. mCtrl10ug/ml,22,34,ns,>0.9999,
,  pCtrl0.1ug/ml vs. pCtrl10ug/ml,22,27,ns,0.7088,
,  pCtrl0.1ug/ml vs. IgLON510ug/ml,22,43,****,<0.0001,
,  pCtrl0.1ug/ml vs. mCtrl50ug/ml,22,28,****,<0.0001,
,  pCtrl0.1ug/ml vs. pCtrl50ug/ml,22,13,ns,0.288,
,  pCtrl0.1ug/ml vs. IgLON550ug/ml,22,18,ns,0.9993,
,  IgLON50.1ug/ml vs. mGO1ug/ml,23,71,**,0.0015,
,  IgLON50.1ug/ml vs. pCtrl1ug/ml,23,83,ns,0.0734,
,  IgLON50.1ug/ml vs. IgLON51ug/ml,23,95,ns,0.932,
,  IgLON50.1ug/ml vs. mCtrl10ug/ml,23,34,***,0.0004,
,  IgLON50.1ug/ml vs. pCtrl10ug/ml,23,27,ns,0.2073,
,  IgLON50.1ug/ml vs. IgLON510ug/ml,23,43,ns,0.2469,
,  IgLON50.1ug/ml vs. mCtrl50ug/ml,23,28,ns,0.9268,
,  IgLON50.1ug/ml vs. pCtrl50ug/ml,23,13,ns,0.9852,
,  IgLON50.1ug/ml vs. IgLON550ug/ml,23,18,*,0.037,
,  mGO1ug/ml vs. pCtrl1ug/ml,71,83,ns,0.8964,
,  mGO1ug/ml vs. IgLON51ug/ml,71,95,**,0.0022,
,  mGO1ug/ml vs. mCtrl10ug/ml,71,34,ns,0.9987,
,  mGO1ug/ml vs. pCtrl10ug/ml,71,27,ns,0.9982,
,  mGO1ug/ml vs. IgLON510ug/ml,71,43,****,<0.0001,
,  mGO1ug/ml vs. mCtrl50ug/ml,71,28,****,<0.0001,
,  mGO1ug/ml vs. pCtrl50ug/ml,71,13,ns,0.7936,
,  mGO1ug/ml vs. IgLON550ug/ml,71,18,ns,>0.9999,
,  pCtrl1ug/ml vs. IgLON51ug/ml,83,95,ns,0.3412,
,  pCtrl1ug/ml vs. mCtrl10ug/ml,83,34,ns,0.4635,
,  pCtrl1ug/ml vs. pCtrl10ug/ml,83,27,ns,>0.9999,
,  pCtrl1ug/ml vs. IgLON510ug/ml,83,43,****,<0.0001,
,  pCtrl1ug/ml vs. mCtrl50ug/ml,83,28,****,<0.0001,
,  pCtrl1ug/ml vs. pCtrl50ug/ml,83,13,ns,0.9987,
,  pCtrl1ug/ml vs. IgLON550ug/ml,83,18,ns,0.9902,
,  IgLON51ug/ml vs. mCtrl10ug/ml,95,34,**,0.0012,
,  IgLON51ug/ml vs. pCtrl10ug/ml,95,27,ns,0.7701,
,  IgLON51ug/ml vs. IgLON510ug/ml,95,43,****,<0.0001,
,  IgLON51ug/ml vs. mCtrl50ug/ml,95,28,**,0.0093,
,  IgLON51ug/ml vs. pCtrl50ug/ml,95,13,ns,>0.9999,
,  IgLON51ug/ml vs. IgLON550ug/ml,95,18,ns,0.2278,
,  mCtrl10ug/ml vs. pCtrl10ug/ml,34,27,ns,0.8849,
,  mCtrl10ug/ml vs. IgLON510ug/ml,34,43,****,<0.0001,
,  mCtrl10ug/ml vs. mCtrl50ug/ml,34,28,****,<0.0001,
,  mCtrl10ug/ml vs. pCtrl50ug/ml,34,13,ns,0.4436,
,  mCtrl10ug/ml vs. IgLON550ug/ml,34,18,ns,>0.9999,
,  pCtrl10ug/ml vs. IgLON510ug/ml,27,43,****,<0.0001,
,  pCtrl10ug/ml vs. mCtrl50ug/ml,27,28,***,0.0004,
,  pCtrl10ug/ml vs. pCtrl50ug/ml,27,13,ns,0.9987,
,  pCtrl10ug/ml vs. IgLON550ug/ml,27,18,ns,0.9994,
,  IgLON510ug/ml vs. mCtrl50ug/ml,43,28,ns,0.9984,
,  IgLON510ug/ml vs. pCtrl50ug/ml,43,13,*,0.0174,
,  IgLON510ug/ml vs. IgLON550ug/ml,43,18,****,<0.0001,
,  mCtrl50ug/ml vs. pCtrl50ug/ml,28,13,ns,0.2549,
,  mCtrl50ug/ml vs. IgLON550ug/ml,28,18,****,<0.0001,
,  pCtrl50ug/ml vs. IgLON550ug/ml,13,18,ns,0.8883,
,,,,,,
,,,,,,
Figure 9b: LDH assay for cytotoxicity following 2-day treatment with ɑ-IgLON5 AABs,One-way ANOVA Tukey's multiple comparisons test,n1,n2,Summary,P Value,
,  No Treatment vs. mCtrl1ug/ml,11,11,ns,>0.9999,
,  No Treatment vs. mCtrl10ug/ml,11,11,ns,0.9995,
,  No Treatment vs. pCtrl1ug/m,11,11,ns,>0.9999,
,  No Treatment vs. pCtrl1ug/m,11,11,ns,>0.9999,
,  No Treatment vs. IgLON51ug/ml,11,11,*,0.0285,
,  No Treatment vs. IgLON510ug/ml,11,11,ns,0.7436,
,  mCtrl1ug/ml vs. mCtrl10ug/ml,11,11,ns,>0.9999,
,  mCtrl1ug/ml vs. pCtrl1ug/m,11,11,ns,>0.9999,
,  mCtrl1ug/ml vs. pCtrl1ug/m,11,11,ns,0.9994,
,  mCtrl1ug/ml vs. IgLON51ug/ml,11,11,*,0.0153,
,  mCtrl1ug/ml vs. IgLON510ug/ml,11,11,ns,0.6058,
,  mCtrl10ug/ml vs. pCtrl1ug/m,11,11,ns,0.9998,
,  mCtrl10ug/ml vs. pCtrl1ug/m,11,11,ns,0.9945,
,  mCtrl10ug/ml vs. IgLON51ug/ml,11,11,**,0.008,
,  mCtrl10ug/ml vs. IgLON510ug/ml,11,11,ns,0.467,
,  pCtrl1ug/m vs. pCtrl1ug/m,11,11,ns,>0.9999,
,  pCtrl1ug/m vs. IgLON51ug/ml,11,11,*,0.0227,
,  pCtrl1ug/m vs. IgLON510ug/ml,11,11,ns,0.6937,
,  pCtrl1ug/m vs. IgLON51ug/ml,11,11,ns,0.0523,
,  pCtrl1ug/m vs. IgLON510ug/ml,11,11,ns,0.861,
,  IgLON51ug/ml vs. IgLON510ug/ml,11,11,ns,0.5898,
,,,,,,
Figure 9c: Quantification of Tau aggregation in neurons.,Unpaired t test,n1,n2,Summary,P Value,
,pCtrl vs IgLON5,28,25,****,<0.0001,
,,,,,,
,,,,,,
"Figure 9d: Quantification of Tau mislocalization after antibody removal. Neurons were treated with ɑ-IgLON5 AABs for 2 days followed by 3-day recovery (2d AAB + 3d recovery), or continuously treated for 5 days (2d AAB + 3d AAB). ",One-way ANOVA Tukey's multiple comparisons test,n1,n2,Summary,P Value,
,  No Treament vs. No Treament (Mock recovery),59,64,ns,0.2026,
,  No Treament vs. pCtrl (2d AAB+3d AAB),59,71,ns,0.6062,
,  No Treament vs. pCtrl  (2d AAB+ 3d recovery),59,48,ns,0.512,
,  No Treament vs. IgLON5 (2d AAB+3d AAB),59,53,****,<0.0001,
,  No Treament vs. IgLON5 (2d AAB+ 3d recovery),59,54,****,<0.0001,
,  No Treament (Mock recovery) vs. pCtrl (2d AAB+3d AAB),64,71,**,0.001,
,  No Treament (Mock recovery) vs. pCtrl  (2d AAB+ 3d recovery),64,48,**,0.0015,
,  No Treament (Mock recovery) vs. IgLON5 (2d AAB+3d AAB),64,53,****,<0.0001,
,  No Treament (Mock recovery) vs. IgLON5 (2d AAB+ 3d recovery),64,54,****,<0.0001,
,  pCtrl (2d AAB+3d AAB) vs. pCtrl  (2d AAB+ 3d recovery),71,48,ns,0.9997,
,  pCtrl (2d AAB+3d AAB) vs. IgLON5 (2d AAB+3d AAB),71,53,**,0.0071,
,  pCtrl (2d AAB+3d AAB) vs. IgLON5 (2d AAB+ 3d recovery),71,54,**,0.0034,
,  pCtrl  (2d AAB+ 3d recovery) vs. IgLON5 (2d AAB+3d AAB),48,53,*,0.0459,
,  pCtrl  (2d AAB+ 3d recovery) vs. IgLON5 (2d AAB+ 3d recovery),48,54,*,0.0267,
,  IgLON5 (2d AAB+3d AAB) vs. IgLON5 (2d AAB+ 3d recovery),53,54,ns,>0.9999,
,,,,,,
,,,,,,
,Multiple Unpaired t test (pCtrl and ɑ-IgLON5),n1,n2,Summary,P Value,
Figure 11a: High dose cohort: Body weight monitoring during the 14-day infusion period in pCtrl and ɑ-IgLON5-treated mice.,Day 1 ,4,4,ns,0.508668,
,Day 2,4,4,ns,0.69042,
,Day 3,4,4,ns,0.361597,
,Day 4,4,4,ns,0.12749,
,Day 5,4,4,ns,0.089695,
,Day 6,4,4,ns,0.023769,
,Day 7,4,4,ns,0.030919,
,Day 8,4,4,ns,0.153849,
,Day 9,4,4,ns,0.160115,
,Day 10,4,4,ns,0.065288,
,Day 11,4,4,ns,0.024793,
,Day 12,4,4,ns,0.017388,
,Day 13,4,4,ns,0.04608,
,Day 14,4,4,ns,0.04608,
,,,,,,
"Figure 11b: High dose cohort, rotarod performance at Day14.",Unpaired t test,n1,n2,Summary,P Value,
,IgLON5 vs pCtrl,4,4,ns,0.4187,
,,,,,,
Figure 11c: High dose cohort. Serum levels of NfL and GFAP at Day 14.,Unpaired t test,n1,n2,Summary,P Value,
,IgLON5 vs pCtrl (NfL ELISA),3,3,ns,0.3179,
,IgLON5 vs pCtrl (GFAP ELISA),4,4,ns,0.3558,
,,,,,,
,Figure 11d,,,,,
"Figure 11d: High dose cohort, GFAP immunoreactivity in coronal brain sections.",Unpaired t test,n1,n2,Summary,P Value,
,IgLON5 vs pCtrl (GFAP-Cerebral Cortex),4,4,ns,0.5531,
,IgLON5 vs pCtrl (GFAP-Hippocampus),4,4,ns,0.6419,
,IgLON5 vs pCtrl (GFAP-Brainstem),4,4,ns,0.8359,
,IgLON5 vs pCtrl (GFAP-Cerebellum),4,4,ns,0.0937,
,,,,,,
,Figure 11e,,,,,
"Figure 11e: High dose cohort, Iba1 immunoreactivity in coronal brain sections.",Unpaired t test,n1,n2,Summary,P Value,
,IgLON5 vs pCtrl (Iba1-Cerebral Cortex),4,4,ns,0.6041,
,IgLON5 vs pCtrl (Iba1-Hippocampus),4,4,ns,0.4889,
,IgLON5 vs pCtrl (Iba1-Brainstem),4,4,ns,0.755,
,IgLON5 vs pCtrl (Iba1-Cerebellum),4,4,ns,0.1206,
,,,,,,
,,,,,,
"Figure 12a: Low dose cohort: Body weight monitoring during the 14-day infusion period. ɑ-IgLON5 (n=6), pCtrl (n=4), mCtrl (n=3), PBS (n=4)",Unpaired t test,p-values    IgLON5 vs pCtrl  ,p-values    IgLON5 vs mCtrl,p-values    IgLON5 vs PBS,Summary,
,Day 0,0.318518,0.401549,0.027933,ns,
,Day 1 ,0.066001,0.135432,0.022714,ns,
,Day 2,0.035079,0.153267,0.032859,ns,
,Day 3,0.115891,0.225382,0.126477,ns,
,Day 4,0.063825,0.097379,0.044421,ns,
,Day 5,0.112273,0.316151,0.1269,ns,
,Day 6,0.143941,0.239953,0.151663,ns,
,Day 7,0.284057,0.241566,0.265584,ns,
,Day 8,0.283874,0.439325,0.410759,ns,
,Day 9,0.181392,0.359047,0.270558,ns,
,Day 10,0.285763,0.437111,0.287586,ns,
,Day 11,0.452318,0.726695,0.487526,ns,
,Day 12,0.353342,0.744795,0.427729,ns,
,Day 13,0.250367,0.596637,0.258618,ns,
,,,,,,
"Figure 12b: Low dose cohort, rotarod performance.",Unpaired t test,n1,n2,Summary,P Value,
,IgLON5 vs pCtrl (Day7),4,3,ns,0.3558,
,IgLON5 vs pCtrl (Day14),4,3,***,0.0005,
,,,,,,
,,,,,,
Figure 12c: Low dose cohort. Serum levels of NfL and GFAP at Day 14.,One-way ANOVA Tukey's multiple comparisons test,n1,n2,Summary,P Value,
,NfL ELISA,,,,,
,  PBS vs. pCtrl,4,3,ns,0.9924,
,  PBS vs. mGO,4,3,ns,0.9544,
,  PBS vs. IgLON5,4,7,ns,0.3641,
,  pCtrl vs. mGO,3,3,ns,0.9959,
,  pCtrl vs. IgLON5,3,7,ns,0.6158,
,  mGO vs. IgLON5,3,7,ns,0.767,
,GFAP ELISA,,,,,
,  PBS vs. pCtrl,4,3,ns,0.8487,
,  PBS vs. mCtrl,4,3,ns,0.1663,
,  PBS vs. IgLON5,4,7,ns,0.8265,
,  pCtrl vs. mCtrl,3,3,ns,0.5622,
,  pCtrl vs. IgLON5,3,7,ns,0.9994,
,  mCtrl vs. IgLON5,3,7,ns,0.3672,
,,,,,,
,,,,,,
"Figure 13b: Low dose cohort, GFAP immunoreactivity in coronal brain sections.",One-way ANOVA Tukey's multiple comparisons test,n1,n2,Summary,P Value,
,GFAP-Cerebral cortex,,,,,
,  IgLON5 vs. pCtrl,6,4,ns,0.8081,
,  IgLON5 vs. mCtrl,6,3,*,0.0433,
,  IgLON5 vs. PBS,6,4,ns,0.3181,
,  pCtrl vs. mCtrl,4,3,*,0.0165,
,  pCtrl vs. PBS,4,4,ns,0.1148,
,  mCtrl vs. PBS,3,4,ns,0.5942,
,GFAP-Hippocampus,,,,,
,  IgLON5 vs. pCtrl,10,8,*,0.0304,
,  IgLON5 vs. mCtrl,10,3,*,0.0478,
,  IgLON5 vs. PBS,10,9,ns,0.0647,
,  pCtrl vs. mCtrl,8,3,ns,0.9283,
,  pCtrl vs. PBS,8,9,ns,0.9752,
,  mCtrl vs. PBS,3,9,ns,0.7935,
,GFAP-Hypothalamus,,,,,
,  IgLON5 vs. pCtrl,5,3,ns,0.951,
,  IgLON5 vs. mCtrl,5,3,*,0.026,
,  IgLON5 vs. PBS,5,4,ns,0.1263,
,  pCtrl vs. mCtrl,3,3,*,0.0216,
,  pCtrl vs. PBS,3,4,ns,0.0908,
,  mCtrl vs. PBS,3,4,ns,0.6925,
,GFAP-Periaqueductal gray,,,,,
,  IgLON5 vs. pCtrl,10,8,*,0.0304,
,  IgLON5 vs. mCtrl,10,3,*,0.0478,
,  IgLON5 vs. PBS,10,9,ns,0.0647,
,  pCtrl vs. mCtrl,8,3,ns,0.9283,
,  pCtrl vs. PBS,8,9,ns,0.9752,
,  mCtrl vs. PBS,3,9,ns,0.7935,
,GFAP-Medial Habenula,,,,,
,  IgLON5 vs. pCtrl,6,4,ns,0.9992,
,  IgLON5 vs. mCtrl,6,3,*,0.0116,
,  IgLON5 vs. PBS,6,4,*,0.0402,
,  pCtrl vs. mCtrl,4,3,*,0.0158,
,  pCtrl vs. PBS,4,4,ns,0.0526,
,  mCtrl vs. PBS,3,4,ns,0.8162,
,GFAP-Cerebellum,,,,,
,  IgLON5 vs. pCtrl,4,2,ns,0.3141,
,  IgLON5 vs. mCtrl,4,3,ns,0.1205,
,  IgLON5 vs. PBS,4,3,ns,0.0895,
,  pCtrl vs. mCtrl,2,3,ns,0.9786,
,  pCtrl vs. PBS,2,3,ns,0.9394,
,  mCtrl vs. PBS,3,3,ns,0.997,
,,,,,,
"Figure 13d: Low dose cohort, GFAP immunoreactivity in coronal brain sections.",One-way ANOVA Tukey's multiple comparisons test,n1,n2,Summary,P Value,
,Iba1-Cerebral cortex,,,,,
,  IgLON5 vs. pCtrl,6,4,ns,0.5404,
,  IgLON5 vs. mCtrl,6,3,ns,0.077,
,  IgLON5 vs. PBS,6,4,*,0.0364,
,  pCtrl vs. mCtrl,4,3,ns,0.558,
,  pCtrl vs. PBS,4,4,ns,0.4151,
,  mCtrl vs. PBS,3,4,ns,0.999,
,Iba1-Hippocampus,,,,,
,  IgLON5 vs. pCtrl,10,8,****,<0.0001,
,  IgLON5 vs. mCtrl,10,3,*,0.0252,
,  IgLON5 vs. PBS,10,9,****,<0.0001,
,  pCtrl vs. mCtrl,8,3,ns,0.6061,
,  pCtrl vs. PBS,8,9,ns,0.8696,
,  mCtrl vs. PBS,3,9,ns,0.2873,
,Iba1-Hypothalamus,,,,,
,  IgLON5 vs. pCtrl,5,3,ns,0.9973,
,  IgLON5 vs. mCtrl,5,3,ns,0.8027,
,  IgLON5 vs. PBS,5,4,ns,0.1158,
,  pCtrl vs. mCtrl,3,3,ns,0.7629,
,  pCtrl vs. PBS,3,4,ns,0.1399,
,  mCtrl vs. PBS,3,4,ns,0.5663,
,Iba1-Periaqueductal gray,,,,,
,  IgLON5 vs. pCtrl,6,4,ns,0.9838,
,  IgLON5 vs. mCtrl,6,3,ns,0.1931,
,  IgLON5 vs. PBS,6,4,*,0.0273,
,  pCtrl vs. mCtrl,4,3,ns,0.1539,
,  pCtrl vs. PBS,4,4,*,0.0254,
,  mCtrl vs. PBS,3,4,ns,0.8589,
,Iba1-Medial Habenula,,,,,
,  IgLON5 vs. pCtrl,6,4,ns,0.5488,
,  IgLON5 vs. mCtrl,6,3,ns,0.2381,
,  IgLON5 vs. PBS,6,4,*,0.0301,
,  pCtrl vs. mCtrl,4,3,ns,0.8923,
,  pCtrl vs. PBS,4,4,ns,0.3607,
,  mCtrl vs. PBS,3,4,ns,0.8202,
,Iba1-Cerebellum,,,,,
,  IgLON5 vs. pCtrl,4,2,ns,0.9907,
,  IgLON5 vs. mCtrl,4,3,ns,0.3191,
,  IgLON5 vs. PBS,4,3,ns,0.0701,
,  pCtrl vs. mCtrl,2,3,ns,0.6035,
,  pCtrl vs. PBS,2,3,ns,0.2022,
,  mCtrl vs. PBS,3,3,ns,0.7324,
,,,,,,
,,,,,,
Figure 16b: Quantification of p-Tau signal in mossy fiber terminals in hippocampus,One-way ANOVA Tukey's multiple comparisons test,n1,n2,Summary,P Value,
,  PBS vs. pCtrl,9,8,ns,0.6787,
,  PBS vs. IgLON5,9,10,ns,0.232,
,  PBS vs. mCtrl,9,3,ns,0.9988,
,  pCtrl vs. IgLON5,8,10,*,0.0257,
,  pCtrl vs. mCtrl,8,3,ns,0.7776,
,  IgLON5 vs. mCtrl,10,3,ns,0.6244,
,,,,,,
"Figure 18c: Ca²⁺ transient frequency across timepoints (0, 15, and 60 min) after 0.1 ug/ml AAB application. ",One-way ANOVA Tukey's multiple comparisons test,n1,n2,Summary,P Value,
,  mCtrl0 min vs. pCtrl0 min,1052,1020,ns,>0.9999,
,  mCtrl0 min vs. IgLON50 min,1052,1277,ns,>0.9999,
,  mCtrl0 min vs. mCtrl15 min,1052,1094,****,<0.0001,
,  mCtrl0 min vs. pCtrl15 min,1052,1246,****,<0.0001,
,  mCtrl0 min vs. IgLON515 min,1052,1430,****,<0.0001,
,  mCtrl0 min vs. mCtrl60 min,1052,1199,****,<0.0001,
,  mCtrl0 min vs. pCtrl60 min,1052,1313,****,<0.0001,
,  mCtrl0 min vs. IgLON560 min,1052,1379,****,<0.0001,
,  pCtrl0 min vs. IgLON50 min,1020,1277,ns,>0.9999,
,  pCtrl0 min vs. mCtrl15 min,1020,1094,****,<0.0001,
,  pCtrl0 min vs. pCtrl15 min,1020,1246,****,<0.0001,
,  pCtrl0 min vs. IgLON515 min,1020,1430,****,<0.0001,
,  pCtrl0 min vs. mCtrl60 min,1020,1199,****,<0.0001,
,  pCtrl0 min vs. pCtrl60 min,1020,1313,****,<0.0001,
,  pCtrl0 min vs. IgLON560 min,1020,1379,****,<0.0001,
,  IgLON50 min vs. mCtrl15 min,1277,1094,****,<0.0001,
,  IgLON50 min vs. pCtrl15 min,1277,1246,****,<0.0001,
,  IgLON50 min vs. IgLON515 min,1277,1430,****,<0.0001,
,  IgLON50 min vs. mCtrl60 min,1277,1199,****,<0.0001,
,  IgLON50 min vs. pCtrl60 min,1277,1313,****,<0.0001,
,  IgLON50 min vs. IgLON560 min,1277,1379,****,<0.0001,
,  mCtrl15 min vs. pCtrl15 min,1094,1246,****,<0.0001,
,  mCtrl15 min vs. IgLON515 min,1094,1430,****,<0.0001,
,  mCtrl15 min vs. mCtrl60 min,1094,1199,****,<0.0001,
,  mCtrl15 min vs. pCtrl60 min,1094,1313,****,<0.0001,
,  mCtrl15 min vs. IgLON560 min,1094,1379,****,<0.0001,
,  pCtrl15 min vs. IgLON515 min,1246,1430,****,<0.0001,
,  pCtrl15 min vs. mCtrl60 min,1246,1199,****,<0.0001,
,  pCtrl15 min vs. pCtrl60 min,1246,1313,****,<0.0001,
,  pCtrl15 min vs. IgLON560 min,1246,1379,****,<0.0001,
,  IgLON515 min vs. mCtrl60 min,1430,1199,ns,0.9019,
,  IgLON515 min vs. pCtrl60 min,1430,1313,ns,>0.9999,
,  IgLON515 min vs. IgLON560 min,1430,1379,****,<0.0001,
,  mCtrl60 min vs. pCtrl60 min,1199,1313,ns,0.7847,
,  mCtrl60 min vs. IgLON560 min,1199,1379,****,<0.0001,
,  pCtrl60 min vs. IgLON560 min,1313,1379,****,<0.0001,
,,,,,,
"Figure 19c: Ca²⁺ transient frequency across timepoints (0, 60 minutes, and 2 days) after 1 ug/ml AAB application.",One-way ANOVA Tukey's multiple comparisons test,n1,n2,Summary,P Value,
,  No Treatment0 min vs. pCtrl0 min,786,311,ns,>0.9999,
,  No Treatment0 min vs. IgLON50 min,786,546,ns,>0.9999,
,  No Treatment0 min vs. No Treatment60 min,786,71,****,<0.0001,
,  No Treatment0 min vs. pCtrl60 min,786,263,****,<0.0001,
,  No Treatment0 min vs. IgLON560 min,786,309,****,<0.0001,
,  No Treatment0 min vs. No Treatmnet2 days,786,994,ns,0.1597,
,  No Treatment0 min vs. pCtrl2 days,786,200,****,<0.0001,
,  No Treatment0 min vs. IgLON52 days,786,369,**,0.0013,
,  pCtrl0 min vs. IgLON50 min,311,546,ns,>0.9999,
,  pCtrl0 min vs. No Treatment60 min,311,71,****,<0.0001,
,  pCtrl0 min vs. pCtrl60 min,311,263,****,<0.0001,
,  pCtrl0 min vs. IgLON560 min,311,309,****,<0.0001,
,  pCtrl0 min vs. No Treatmnet2 days,311,994,ns,0.5716,
,  pCtrl0 min vs. pCtrl2 days,311,200,***,0.0005,
,  pCtrl0 min vs. IgLON52 days,311,369,*,0.0215,
,  IgLON50 min vs. No Treatment60 min,546,71,****,<0.0001,
,  IgLON50 min vs. pCtrl60 min,546,263,****,<0.0001,
,  IgLON50 min vs. IgLON560 min,546,309,****,<0.0001,
,  IgLON50 min vs. No Treatmnet2 days,546,994,ns,0.2892,
,  IgLON50 min vs. pCtrl2 days,546,200,****,<0.0001,
,  IgLON50 min vs. IgLON52 days,546,369,**,0.0038,
,  No Treatment60 min vs. pCtrl60 min,71,263,ns,0.3637,
,  No Treatment60 min vs. IgLON560 min,71,309,****,<0.0001,
,  No Treatment60 min vs. No Treatmnet2 days,71,994,****,<0.0001,
,  No Treatment60 min vs. pCtrl2 days,71,200,****,<0.0001,
,  No Treatment60 min vs. IgLON52 days,71,369,****,<0.0001,
,  pCtrl60 min vs. IgLON560 min,263,309,****,<0.0001,
,  pCtrl60 min vs. No Treatmnet2 days,263,994,****,<0.0001,
,  pCtrl60 min vs. pCtrl2 days,263,200,****,<0.0001,
,  pCtrl60 min vs. IgLON52 days,263,369,****,<0.0001,
,  IgLON560 min vs. No Treatmnet2 days,309,994,****,<0.0001,
,  IgLON560 min vs. pCtrl2 days,309,200,****,<0.0001,
,  IgLON560 min vs. IgLON52 days,309,369,****,<0.0001,
,  No Treatmnet2 days vs. pCtrl2 days,994,200,*,0.0172,
,  No Treatmnet2 days vs. IgLON52 days,994,369,ns,0.4259,
,  pCtrl2 days vs. IgLON52 days,200,369,ns,0.8426,
,,,,,,
Figure 19e: LDH assay for cytotoxicity following 60 minutes and 2 days treatment with 1ug/ml  ɑ-IgLON5 AABs or controls,One-way ANOVA Tukey's multiple comparisons test,n1,n2,Summary,P Value,
,LDH assay 60min,,,,,
,  No Treatment vs. mCtrl,9,9,ns,0.9382,
,  No Treatment vs. pCtrl,9,9,ns,0.8365,
,  No Treatment vs. IgLON5,9,9,ns,0.8866,
,  mCtrl vs. pCtrl,9,9,ns,0.9937,
,  mCtrl vs. IgLON5,9,9,ns,0.9988,
,  pCtrl vs. IgLON5,9,9,ns,0.9995,
,LDH assay 2 days,,,,,
,  No Treatment vs. mCtrl,11,11,ns,0.9973,
,  No Treatment vs. pCtrl,11,11,ns,0.9999,
,  No Treatment vs. IgLON5,11,11,*,0.0297,
,  mCtrl vs. pCtrl,11,11,ns,0.9993,
,  mCtrl vs. IgLON5,11,11,*,0.0182,
,  pCtrl vs. IgLON5,11,11,*,0.0248,
,,,,,,
Figure 20a: Ca²⁺ imaging of  neurons treated with four different patient-derived IgLON5 AABs (1ug/ml).,One-way ANOVA Tukey's multiple comparisons test,n1,n2,Summary,P Value,
,  No Treatment0 min vs. No Treatment60 min,875,1157,****,<0.0001,
,  No Treatment0 min vs. pCtrl0 min,875,1071,ns,>0.9999,
,  No Treatment0 min vs. pCtrl60 min,875,1342,****,<0.0001,
,  No Treatment0 min vs. IgLON5 #10 min,875,936,ns,0.9992,
,  No Treatment0 min vs. IgLON5 #160 min,875,1003,****,<0.0001,
,  No Treatment0 min vs. IgLON5 #20 min,875,1081,ns,>0.9999,
,  No Treatment0 min vs. IgLON5 #260 min,875,1238,****,<0.0001,
,  No Treatment0 min vs. IgLON5 #30 min,875,1089,ns,>0.9999,
,  No Treatment0 min vs. IgLON5 #360 min,875,1343,****,<0.0001,
,  No Treatment0 min vs. IgLON5 #40 min,875,984,ns,>0.9999,
,  No Treatment0 min vs. IgLON5 #460 min,875,1344,****,<0.0001,
,  No Treatment60 min vs. pCtrl0 min,1157,1071,****,<0.0001,
,  No Treatment60 min vs. pCtrl60 min,1157,1342,ns,>0.9999,
,  No Treatment60 min vs. IgLON5 #10 min,1157,936,****,<0.0001,
,  No Treatment60 min vs. IgLON5 #160 min,1157,1003,****,<0.0001,
,  No Treatment60 min vs. IgLON5 #20 min,1157,1081,****,<0.0001,
,  No Treatment60 min vs. IgLON5 #260 min,1157,1238,****,<0.0001,
,  No Treatment60 min vs. IgLON5 #30 min,1157,1089,****,<0.0001,
,  No Treatment60 min vs. IgLON5 #360 min,1157,1343,ns,>0.9999,
,  No Treatment60 min vs. IgLON5 #40 min,1157,984,****,<0.0001,
,  No Treatment60 min vs. IgLON5 #460 min,1157,1344,****,<0.0001,
,  pCtrl0 min vs. pCtrl60 min,1071,1342,****,<0.0001,
,  pCtrl0 min vs. IgLON5 #10 min,1071,936,ns,>0.9999,
,  pCtrl0 min vs. IgLON5 #160 min,1071,1003,****,<0.0001,
,  pCtrl0 min vs. IgLON5 #20 min,1071,1081,ns,>0.9999,
,  pCtrl0 min vs. IgLON5 #260 min,1071,1238,****,<0.0001,
,  pCtrl0 min vs. IgLON5 #30 min,1071,1089,ns,>0.9999,
,  pCtrl0 min vs. IgLON5 #360 min,1071,1343,****,<0.0001,
,  pCtrl0 min vs. IgLON5 #40 min,1071,984,ns,>0.9999,
,  pCtrl0 min vs. IgLON5 #460 min,1071,1344,****,<0.0001,
,  pCtrl60 min vs. IgLON5 #10 min,1342,936,****,<0.0001,
,  pCtrl60 min vs. IgLON5 #160 min,1342,1003,****,<0.0001,
,  pCtrl60 min vs. IgLON5 #20 min,1342,1081,****,<0.0001,
,  pCtrl60 min vs. IgLON5 #260 min,1342,1238,****,<0.0001,
,  pCtrl60 min vs. IgLON5 #30 min,1342,1089,****,<0.0001,
,  pCtrl60 min vs. IgLON5 #360 min,1342,1343,ns,0.9998,
,  pCtrl60 min vs. IgLON5 #40 min,1342,984,****,<0.0001,
,  pCtrl60 min vs. IgLON5 #460 min,1342,1344,****,<0.0001,
,  IgLON5 #10 min vs. IgLON5 #160 min,936,1003,****,<0.0001,
,  IgLON5 #10 min vs. IgLON5 #20 min,936,1081,ns,>0.9999,
,  IgLON5 #10 min vs. IgLON5 #260 min,936,1238,****,<0.0001,
,  IgLON5 #10 min vs. IgLON5 #30 min,936,1089,ns,0.9962,
,  IgLON5 #10 min vs. IgLON5 #360 min,936,1343,****,<0.0001,
,  IgLON5 #10 min vs. IgLON5 #40 min,936,984,ns,0.9996,
,  IgLON5 #10 min vs. IgLON5 #460 min,936,1344,****,<0.0001,
,  IgLON5 #160 min vs. IgLON5 #20 min,1003,1081,****,<0.0001,
,  IgLON5 #160 min vs. IgLON5 #260 min,1003,1238,*,0.0187,
,  IgLON5 #160 min vs. IgLON5 #30 min,1003,1089,****,<0.0001,
,  IgLON5 #160 min vs. IgLON5 #360 min,1003,1343,****,<0.0001,
,  IgLON5 #160 min vs. IgLON5 #40 min,1003,984,****,<0.0001,
,  IgLON5 #160 min vs. IgLON5 #460 min,1003,1344,****,<0.0001,
,  IgLON5 #20 min vs. IgLON5 #260 min,1081,1238,****,<0.0001,
,  IgLON5 #20 min vs. IgLON5 #30 min,1081,1089,ns,>0.9999,
,  IgLON5 #20 min vs. IgLON5 #360 min,1081,1343,****,<0.0001,
,  IgLON5 #20 min vs. IgLON5 #40 min,1081,984,ns,>0.9999,
,  IgLON5 #20 min vs. IgLON5 #460 min,1081,1344,****,<0.0001,
,  IgLON5 #260 min vs. IgLON5 #30 min,1238,1089,****,<0.0001,
,  IgLON5 #260 min vs. IgLON5 #360 min,1238,1343,****,<0.0001,
,  IgLON5 #260 min vs. IgLON5 #40 min,1238,984,****,<0.0001,
,  IgLON5 #260 min vs. IgLON5 #460 min,1238,1344,**,0.0074,
,  IgLON5 #30 min vs. IgLON5 #360 min,1089,1343,****,<0.0001,
,  IgLON5 #30 min vs. IgLON5 #40 min,1089,984,ns,>0.9999,
,  IgLON5 #30 min vs. IgLON5 #460 min,1089,1344,****,<0.0001,
,  IgLON5 #360 min vs. IgLON5 #40 min,1343,984,****,<0.0001,
,  IgLON5 #360 min vs. IgLON5 #460 min,1343,1344,****,<0.0001,
,  IgLON5 #40 min vs. IgLON5 #460 min,984,1344,****,<0.0001,
,,,,,,
Figure 20b: Quantification of c-Fos nuclear intensity in neurons treated for 60 min with 1ug/ml AABs.,One-way ANOVA Tukey's multiple comparisons test,n1,n2,Summary,P Value,
,  No Treatmnet vs. pCtrl,27,27,*,0.0268,
,  No Treatmnet vs. IgLON5 #1,27,27,****,<0.0001,
,  No Treatmnet vs. IgLON5 #2,27,27,****,<0.0001,
,  No Treatmnet vs. IgLON5 #3,27,26,ns,0.6865,
,  No Treatmnet vs. IgLON5 #4,27,27,ns,0.0911,
,  pCtrl vs. IgLON5 #1,27,27,*,0.0287,
,  pCtrl vs. IgLON5 #2,27,27,**,0.004,
,  pCtrl vs. IgLON5 #3,27,26,ns,0.5923,
,  pCtrl vs. IgLON5 #4,27,27,ns,0.9975,
,  IgLON5 #1 vs. IgLON5 #2,27,27,ns,0.9897,
,  IgLON5 #1 vs. IgLON5 #3,27,26,****,<0.0001,
,  IgLON5 #1 vs. IgLON5 #4,27,27,**,0.0069,
,  IgLON5 #2 vs. IgLON5 #3,27,26,****,<0.0001,
,  IgLON5 #2 vs. IgLON5 #4,27,27,***,0.0008,
,  IgLON5 #3 vs. IgLON5 #4,26,27,ns,0.8543,
,,,,,,
Figure 21a: Effect of Ca²⁺ chelation on Glutamate-induced Ca²⁺ influx. ,One-way ANOVA Tukey's multiple comparisons test,n1,n2,Summary,P Value,
,  Glutamate vs. 0.1uM EGTA +Glutamate,174,102,****,<0.0001,
,  Glutamate vs. 1uM EGTA +Glutamate,174,127,****,<0.0001,
,  Glutamate vs. 10uM EGTA +Glutamate,174,99,****,<0.0001,
,  Glutamate vs. 100uM EGTA +Glutamate,174,90,****,<0.0001,
,  0.1uM EGTA +Glutamate vs. 1uM EGTA +Glutamate,102,127,*,0.0304,
,  0.1uM EGTA +Glutamate vs. 10uM EGTA +Glutamate,102,99,ns,0.8427,
,  0.1uM EGTA +Glutamate vs. 100uM EGTA +Glutamate,102,90,ns,0.5228,
,  1uM EGTA +Glutamate vs. 10uM EGTA +Glutamate,127,99,***,0.0008,
,  1uM EGTA +Glutamate vs. 100uM EGTA +Glutamate,127,90,ns,0.7678,
,  10uM EGTA +Glutamate vs. 100uM EGTA +Glutamate,99,90,ns,0.0822,
,,,,,,
"Figure 21b: Quantification of Ca²⁺ transients in neurons pretreated with EGTA-AM for 20 min, then exposed to ɑ-IgLON5 AABs (1 ug/ml) for 60 minutes. ",One-way ANOVA Tukey's multiple comparisons test,n1,n2,Summary,P Value,
,  IgLON5 only vs. 0.1uM EGTA +IgLON5,309,273,****,<0.0001,
,  IgLON5 only vs. 10uM EGTA +IgLON5,309,203,****,<0.0001,
,  IgLON5 only vs. 100uM EGTA +IgLON5,309,212,****,<0.0001,
,  0.1uM EGTA +IgLON5 vs. 10uM EGTA +IgLON5,273,203,**,0.0019,
,  0.1uM EGTA +IgLON5 vs. 100uM EGTA +IgLON5,273,212,****,<0.0001,
,  10uM EGTA +IgLON5 vs. 100uM EGTA +IgLON5,203,212,ns,0.6212,
,,,,,,
"Figure 21d:Quantification of Tau missorting in in neurons pretreated with EGTA-AM for 20 min, then exposed to ɑ-IgLON5 AABs or pCtrl (1 ug/ml) for 2 days. ",One-way ANOVA Tukey's multiple comparisons test,n1,n2,Summary,P Value,
,  10 uM EGTA + IgLON5 vs. IgLON5 only,53,56,***,0.0001,
,  10 uM EGTA + IgLON5 vs. 10 uM EGTA + pCtrl,53,60,ns,0.9996,
,  10 uM EGTA + IgLON5 vs. pCtrl only,53,59,ns,0.9998,
,  10 uM EGTA + IgLON5 vs. 10 uM EGTA only,53,47,ns,0.9832,
,  10 uM EGTA + IgLON5 vs. No Treatment,53,56,ns,0.9644,
,  IgLON5 only vs. 10 uM EGTA + pCtrl,56,60,***,0.0002,
,  IgLON5 only vs. pCtrl only,56,59,***,0.0002,
,  IgLON5 only vs. 10 uM EGTA only,56,47,**,0.0031,
,  IgLON5 only vs. No Treatment,56,56,**,0.0023,
,  10 uM EGTA + pCtrl vs. pCtrl only,60,59,ns,>0.9999,
,  10 uM EGTA + pCtrl vs. 10 uM EGTA only,60,47,ns,0.9985,
,  10 uM EGTA + pCtrl vs. No Treatment,60,56,ns,0.995,
,  pCtrl only vs. 10 uM EGTA only,59,47,ns,0.9977,
,  pCtrl only vs. No Treatment,59,56,ns,0.9928,
,  10 uM EGTA only vs. No Treatment,47,56,ns,>0.9999,